"","x"
"1","d0ab2c15400fe710288526c9a33083fb"
"2","X21b04aaabca0f92a5ba0a0b2eaa31aea"
"3","X0b0a4bdddb823efeb9984bf862fe81f8"
"4","c13359a9f895b1a2b9fcf49ceaea0e8a"
"5","X0c870b228c94b71c91663a829ef6f119"
"6","X91c9e0419bfe8038aed98cba9b51cb9d"
"7","X629676293377721f621917a3f268dbce"
"8","X91eadffc47a7950a37aae47e5e289b92"
"9","e73c0fa69ad4221f822e2e5dcb920e76"
"10","X35791f882ef8d2b3177ac86ac87889b7"
"11","X31b892624d1cb2eea6f31f253f272ee6"
"12","f09843a3273d3ed61bd33d7d5180302f"
"13","X0df94e423697e55c9f11b631a661f242"
"14","X22e08646a28fd92f3b5f917d15775428"
"15","X7dbc4080fe843f76995d2773a38a5b8f"
"16","X5f323b564b39396cdd783f4cd00e9c82"
"17","a5bd85f6c3b255b5c6b24e6edea3f328"
"18","X10dd1f55cc07d1f69a94d0643bce4ae2"
"19","f0bde2f54893276b9ba2239c532b706a"
"20","X28f6725fd27d82c88d036b99af9e7351"
"21","X26a6cc00956118a79cdd4f8f87d105c9"
"22","X9989522015ac9ad21420cd95593a48c3"
"23","X5794c25923a041a1314b056acd81f74a"
"24","X25d8aa4328b5f3e3709359b5ae2c800c"
"25","X3b8ab1e0d4d6d2df54158bbab123cbdb"
"26","a2ce31d4cf96c2fe3f443de9433ac3c6"
"27","X83bfa98d28fff4f4001015f751bc8338"
"28","X5f607b11ca505f8da3e93703698998cf"
"29","X9b197d0503953254acf5c4925c8abedc"
"30","a1c6504e8981cc8645a7f588e5f8408c"
"31","eae583b93b4f17caf4bdcc66c16fa257"
"32","X46f5c34a270f9277a45c08af86c6d3ea"
"33","X4596aa39da359337fad3f7e3b3d3c8df"
"34","d820d30c7edb23f98124ec3c43f32c0a"
"35","X5a363ca433e6426ed3252fd620f36f80"
"36","da7b3c938a99ded6db6aebf9771a985d"
"37","d275740dc2049205f134098fc5c9a8fc"
"38","X0d12878a3e00449298328dee2d70e1f5"
"39","X0e86d47168e5c995f8990779c9c5b51a"
"40","a447268a2d8ec140e0d39af7e8fedd8c"
"41","d5fdbb2924288ee9a63a8e2ef02b3d3b"
"42","X00ea5b1ebd4edfd292b9ab1e22636e64"
"43","X8ac4bd04828ef531acaf8ab979578978"
"44","X11cb27acf792e26b2965c470e555b8ba"
"45","cb61b7361f8474faf2dd863ef232432c"
"46","X100e42177aef80a479069abee89e4183"
"47","b36173d8d6b6ec133ab9374feeb60973"
"48","cb4b2fbb9195bd36b723b192b08f7a33"
"49","X0970db89ab439ac61d73c3364acbe6cc"
"50","X81cca0c8514c3c4a389e2279501f7415"
"51","becd8488d5c722efbb395eea7aa2b7a2"
"52","X122996e5ab94e779e87b3d84e0ab3371"
"53","cb6e17150d6ca988c474eb2a84f7e039"
"54","dfbc0bf32634881a60d90da9d6dd53bc"
"55","X6097c1628dbe4a5b21a6fd053612a412"
"56","X2340d0ea6fd3c3b065699140a3726319"
"57","c46f6aed459223ef41f57017ec797d41"
"58","X5809c15976c599adbbea647077c66355"
"59","c84058269dd9d2ad22ecd239c7427d7b"
"60","X3c2934680d564f24be3099a620adb243"
"61","X0778d0e8ee3ab90800b43439d1b1fdf5"
"62","X69b811578880097e67b5989581e7033d"
"63","X70c8539c58e20ab0f0e65a074936db52"
"64","df0d5a8da67de6f0cfbbede6cc731491"
"65","X994d6bb787282e16ab078f43fb5e077d"
"66","ce258184714a4fba0407757c17687029"
"67","e39a13e3ddcb2a2f4ae2c8975fce0c1f"
"68","X98e1023db5643c3eff2d5488014539eb"
"69","c57bf40b349f402cddf4f0fee5f5f735"
"70","ab4225c333dd7fa7a88bcf77002681f1"
"71","X223f1edcbe166794e69f4b97aa812d17"
"72","dd59ed4328f6a51da2019387b881acbd"
"73","X211fb45d51561445a9856e53bd3eac29"
"74","X56ff9a68358a7384dd9f598cf7bd53f6"
"75","X23d838b98ce16a9b06439db55bdce0fa"
"76","cad04f02a8fa573d567c2dc4e107d329"
"77","b1ec8ace92c078b29dcfebe3cb8abcb7"
"78","X2952a9bfc9933977c18631ea7a12e812"
"79","f93a2e43844030dbd1245f8e3d4fe842"
"80","X47919ec66f028bca62328f3532e6988b"
"81","ca019d0f1f7206065d11886d91083e31"
"82","bc0fc087fa8129745762a90167ae5905"
"83","X916552006386032e5c8383a1f07a3888"
"84","X5e5f0e7b50996cdbb7c3c4bef2b313a3"
"85","X9277b67339cccee373e1579829bb7f8c"
"86","X845bc52446e4be4241712b703455fa7b"
"87","X4c27ea8735fc259472f9646eccdf0c02"
"88","X4edf08678027d1fa0b6c1d177caf562c"
"89","e749fa7b9d6c12fc8034e3cbc0f15ade"
"90","X7674477baaf7c8b400d9e942f4cb53cc"
"91","a005e50d6b7abe0668d1227314373a3f"
"92","X318504d6268f2d6674aa0d9861c9fbb9"
"93","X0236240fe07a19cb8a20186c7098a58c"
"94","f278466f3066903bbbbf460c5be12be0"
"95","X74c764cd57dcb0e8dc8945a1836bdc3a"
"96","bb42fca01a5403b669ee1a84c98eceff"
"97","X0b0d8509cc1734bcd2913d824a30373b"
"98","X929ea34e321739010c0fa413ded5dfba"
"99","X816c3d478ebffd167938153c8dc4faa0"
"100","a74ca6070b2d2f0c147a9a4789004bd5"
"101","ba1ec526efddeab43475680ebe4ff658"
"102","dbfa00e64a3c894c18b5418bffdf3a44"
"103","dbd3cdcbe28436413b600cd599c23d81"
"104","f7c3650f627a482ac5252096b16b52ce"
"105","fa34051cafc80132dd66ec48b726878a"
"106","f3978984be6d31e13744e368e73ebad8"
"107","X4b1fe0e451b3f021f734f80cabc17710"
"108","b02fed8b6dd33b1d0a54815d9e62d3fd"
"109","X79d8de2cef04ff1f9e6cdc2b1d621b3c"
"110","X40e7f8436bd30ef62c3974945e227d48"
"111","X0e186f839c3ca78d0343f98c579bc09a"
"112","X88b9f6cadaa508b7d5d920021e51228d"
"113","X279dd4652e11eb28846651a5b31f2cbb"
"114","X833a3db306d8d754e8112c606544bffa"
"115","b244a369a8eb02af982535219389ac79"
"116","X1afc334468970fa90c170942faf4a1df"
"117","bcacfdff02909d42a9b5d194ec5beb47"
"118","X9017a32c55163971f70ddc07d8e278b8"
"119","e444bb028140ea5497b01c7fc711c316"
"120","X937e48b30e3713e1c9a508adceb38e41"
"121","X4b464b838757a1940d7a5809fa401fda"
"122","X519523675c0c0853c1203dfef91031ea"
"123","de0e167ee4993513f9589cc1f6b75f25"
"124","X4b1f873f0fa4a10ef3cc79e956608860"
"125","X43428eba6a7d1cbcf596d946d1249fd7"
"126","e4c0b28effa6f34ff5fd9928e239b2bf"
"127","ead914e9b262c53574361f10ded0ed72"
"128","a2e1e76b5099e4a74e213dfe462c4e9d"
"129","ec2e0316d85d0d4ad78c8279ca11bf7d"
"130","ad0140e97b44feba274a4dc4ac374781"
"131","X4d664dd39c76e5bc88dd72b34f9d78b6"
"132","X3575b6a4369f4c62e6b0fe08b1ec2bc0"
"133","X6a9a0b723fe1d33a64af096250ac6375"
"134","X10a3a23a1892a0368ad27196839e5016"
"135","X14a819c0324b34ccd700e2332054e1ce"
"136","X39db71e362ea010c66c9ccb0f8121d4b"
"137","b2942943435402615a1385be2297782c"
"138","ae9d823a0b9158e89a49cd07439f7eb1"
"139","X790e2976126ea9bc68a8a243b130d4a2"
"140","d809e87b2673775a4fff4dcdf4606e85"
"141","a462cd3791fc2f43b3bc518d923dd029"
"142","X5fcdbbab277c76041d2d72bd4a80c1d9"
"143","X90254dab523c41930b2d1812de164ec8"
"144","d08842fb3b52d4beb019634fb1b726d5"
"145","b375bb407f06c2df645619e90adeb076"
"146","X90dd09179ea2bd4ac9d735145db7ccc1"
"147","X232c4b181d4f0f6b35d3aab4a438a186"
"148","bf4fe280e36ea424aea550caae2db2a1"
"149","X9f5b83fe6686da884ba633e5d0774da3"
"150","ed4b3cb70ad482ea26d0f267cbae79b1"
"151","X442f8ed0f1e01600a16e36786f739e67"
"152","X85c4c13c0da29cb5ba7dbff2b5968608"
"153","X952785a0ccc26580d5966be1b561cc8a"
"154","X1dc053c4d452aeefa30f6fee3f4ff868"
"155","X203ddb29626575aad73b4fbfe13e8ca9"
"156","X606a7ee2509e5c9a13ebdf94fc0e282e"
"157","X33bd1b208803442d89578d0217033e77"
"158","X7a479581fbd914407ce742e28ca0546f"
"159","d8102c2c385988c3e996f99f94c21f8c"
"160","X25479afc7469d8f5988b58121dfa900f"
"161","cee25e6a8da2c1dc599e73698085f395"
"162","X713aa396fa79ea195328a198b9876bb6"
"163","d1815a067100dedf22112d2a2fdab704"
"164","X5ddbe70ba9f2941ac487067dd2ba8b44"
"165","bedcefccec5b6d3c5591b6f095061f4c"
"166","a2b59d8df57f626568b4f6a7df8e59ec"
"167","af1c9e100b97b354d7fc6d4684895a21"
"168","X591ed1d6afd1e79ae33d6b6cd0c6b185"
"169","X01615ade77537e36579c7dac49eb4e0f"
"170","X0d2a0ee7654279b939574cd1036f4c6d"
"171","X3570b832b6ece5cd873d8c33be7d52bd"
"172","X613523fa0b30b675f218503d1c630157"
"173","X799689b29cfc44c274e289d52600989e"
"174","X99b411a53ccea764f8f4c1686fc2dc83"
"175","X341499401c91b14f8780526a296d139e"
"176","eb639a94c58a2a8453daa7bb1688541f"
"177","e3c9caeb168ca680a176bf8f4862d18a"
"178","X66f8880a8a2830c710b656346fa4f4d2"
"179","X96864c1921771148ba76253b3f390c4a"
"180","c63e3d55e0fa02a8e3e2ad2721943792"
"181","d5f337a460a59f9e98b698515e2372d4"
"182","X47a21fe064316c24a5518ebb6ad49a51"
"183","deedd32e41fd44a021986d8379785168"
"184","c2a1a8c4c369b7c0f67ef62bbcfca491"
"185","X03eddcd6fef09c0ad1b02e6e42feb73c"
"186","X28824b91e7c31b30e79a3f5e23ed6994"
"187","ff6322434235018cbaf6c576c0f550f8"
"188","cd719e12ccc1db7e969dad391d6f8545"
"189","X11728a4ca15970e7fff42df24127efe7"
"190","X526b5195f756eb5bb468b5c890930124"
"191","X231c87560797de46eb3834c67724abaf"
"192","X0eb024eb1700b14ffb9a42caef59fa6d"
"193","a49093bd736e8d0d9705791ec215a986"
"194","X3fb27bcbab0fee811a8ce5fad6e88e89"
"195","X194ea12aed8e5588380d687f245b4983"
"196","b5ad19ed128ea523e025811bd7312504"
"197","X3445d43cd52ed690ae1fd6681e32ed9d"
"198","cfec875a97c330ce86668ce2719fac4b"
"199","X29cd25226d1212bca274c82d3a7dc4d9"
"200","X6e87c19f1b2cf5d0693166131f6cb125"
"201","X389a5e274d5fd0ae2e7b3fea57205ae9"
"202","be5d86069f63cf095f5160794b3239b0"
"203","X2857fdc2f5a2660d096ae65b3929efa5"
"204","X2d04b03dd2efd558a1aa32cb240b9f66"
"205","e5094a5cfde9c0c749f6c25a2693361a"
"206","X6128800ae96989a17446726ab6982e4b"
"207","X59cc90e99bf5580d51f2c8e605cd6982"
"208","X0fb003ddc15b2dbc58fdc3ca20ba7f18"
"209","fa39e980ed9f6b6f5aa21fe5505391ad"
"210","fe9bbf6e2e4ff2eb7db1ac748d05af4a"
"211","f3017163a4efcd8a98efbcdeac72f5d6"
"212","bf0b35125fbb60d017c2a9f374777c16"
"213","X829c079b51ae4014f1e6ad295be7c3d0"
"214","bbd88e11fff3c142f9c38c66cc1e8a47"
"215","c3b2f7b2f81f8e1c3f26168bd52865ef"
"216","bce71cf56c53dd06383c00d57fb4bea1"
"217","X39afceb9b3a69428d9b836f6cdf37b41"
"218","X8ca0f1209f8afa64241fe44460f78b90"
"219","X10ad1fff4332a0f979c90aabc7c625b5"
"220","X3ad79a953c044f35e83c9c1d1c1388ff"
"221","X1176d3a33a6a8d270e2e66515ec714c1"
"222","f7a16363420cf6a070a67c8fb8503e39"
"223","e88f240b23f0455003715a18cb18e83f"
"224","X234a0628f3745c676a71d2a72cff153a"
"225","X2457188c02b21b4e228c436873a15b5a"
"226","X6d5b8fcf3f8b02d519d22d1dde308864"
"227","X0f065fe134651d4767d6ba234023297f"
"228","X56f31fb6c553344ca8ae6289069b5c04"
"229","fe3d2bc6a096837aee5bbb2b5702cc3c"
"230","X849dc01b6abfb247e86ec872da1110c7"
"231","X4184f0ad9703a19a9ede6ef03fc790a8"
"232","a3e5ed4f236ccc0603c2f0bb49cf6883"
"233","c8e7d5fe802f8928e7ee88332eb5cc48"
"234","X2c4ae9bfeb0bf7ac94e398116ce904e5"
"235","ca0eb1b092edeff01cc3c9892bc63d42"
"236","d80aa06ab0d5080c492fee175b079c22"
"237","X9cd11dbdbec66be3ea780d34d0202989"
"238","ad68c9bcf7d7440cd14ff404c6aea1f4"
"239","b93a610c55e4194d49896d670a96cfdb"
"240","X524a17d42fa73d8f179557958a30fab5"
"241","e4e8386dcd0d9f9ea7340c973c0deda8"
"242","X658f8e759ac7c72aa33a047b2ea59e41"
"243","X021e0c22e9939841b74bbf401204ea0f"
"244","X4d09778075c80bdf862fc8eb4bb9dc6a"
"245","b2dc50a2d749f75db4450f3e5471af1e"
"246","X6ccd9cd46cc4309ecc7da6ed943250ef"
"247","c3282b97a0aaf1a99a59038a752d363b"
"248","a41b72842290a9e865efc83d63ad2818"
"249","ae7d8efb06e9c0ad71820823c3089849"
"250","ae92751ce0103cf1fe77dd7f219da00c"
"251","X22632c954ef155ebb0c3d54d46fac742"
"252","X9990f6b6afa00f3fd8a3be5b9bfdd594"
"253","X2257d58ebb22a4168da71744993d1ce9"
"254","X924b48cf897bb4394fda7e027a079c54"
"255","c5d66b73d147dd06735e6c1ea90b917a"
"256","d7b30508190defbe893f5d4a55402849"
"257","X148f63b90c422d5ae5651daa00e85ccf"
"258","d7463dce1ab4db9cf8f134047723bc85"
"259","X4b38473099dc5f18b73be535e282921a"
"260","d19ab2da6d1911ba05ed76a5c6860a09"
"261","X7fd3420fd3b2570ca11ba7ef289f3941"
"262","X0ea4f8f318c2e76d98c05182c60df829"
"263","X30741c055202bb794d3a1e6cebad074d"
"264","X593922732ae599553b9364f3d214070c"
"265","X46607f7aede9c897a3237799bc8939a5"
"266","X76e72d858816572f535b6f50a10f4073"
"267","X9e20a235c547acc52759d1b7c6e32662"
